[
    {
        "building_id": "b1",
        "building_type": "house",
        "rooms": [
            "Bathroom",
            "Bedroom1",
            "Bathroom2",
            "Kitchen",
            "LivingRoom"
        ]
    },
    {
        "building_id": "b3",
        "building_type": "Museum",
        "rooms": [
            "A0",
            "A1",
            "A2",
            "B0",
            "B1",
            "Entrance",
            "Emergency Exit"
        ]
    }
]